dave


























# cat /etc/securetty
# chkconfig --list chargen-dgram chargen-dgram: off
# chkconfig --list chargen-stream chargen-stream: off
# chkconfig --list daytime-dgram daytime-dgram: off
# chkconfig --list daytime-stream daytime-stream: off
# chkconfig --list echo-dgram echo-dgram: off
# chkconfig --list echo-stream echo-stream: off
# chkconfig --list syslogsyslog 0:off 1:off 2:off 3:off 4:off 5:off 6:off# chkconfig --list rsyslogrsyslog 0:off 1:off 2:on 3:on 4:on 5:on 6:off
# chkconfig --list tcpmux-servertcpmux-server: off
# df --local -P | awk {'if (NR!=1) print $6'} | xargs -I '{}' find '{}' -xdev -type d ( -perm -0002 -a ! -perm -1000 ) 2>/dev/null
# gconftool-2 -get /apps/gdm/simple-greeter/banner_message_text
# grep  /etc/fstab NOTE: Verify that noexec is an option
# grep  /etc/fstabVerify that nodev is an option
# grep  /etc/fstabVerify that nosuid is an option
# grep "^root:" /etc/passwd | cut -f4 -d:0
# grep "^umask 077" /etc/bashrcumask 077# grep "^umask 077" /etc/profile.d/*umask 077
# grep /home /etc/fstab /home ext3
# grep /home /etc/fstabVerify that nodev is an option# mount | grep /home on  type  (nodev) NOTE: There may be other options listed for this filesystem
# grep /var/log /etc/fstab /var/log ext3
# grep /var/log/audit /etc/fstab /var/log/audit ext3
# grep pam_wheel.so /etc/pam.d/suauth required pam_wheel.so use_uid# grep wheel /etc/groupwheel:x:10:root,
# grep PASS_MAX_DAYS /etc/login.defsPASS_MAX_DAYS 90# chage --list Maximum number of days between password change: 90
# grep PASS_MIN_DAYS /etc/login.defsPASS_MAX_DAYS 7# chage --list Minimum number of days between password change: 7
# grep PASS_WARN_AGE /etc/login.defsPASS_WARN_AGE 7# chage --list Number of days of warning before password expires: 7
# useradd -D | grep INACTIVE
#!/bin/bash for dir in `/bin/cat /etc/passwd | /bin/awk -F: '{ print $6 }'`; do if [ ! -h "$dir/.netrc" -a -f "$dir/.netrc" ]; then echo ".netrc file $dir/.netrc exists" fidone
#!/bin/bashdf --local -P | awk {'if (NR!=1) print $6'} | xargs -I '{}' find '{}' -xdev -nogroup -ls
#!/bin/bashdf --local -P | awk {'if (NR!=1) print $6'} | xargs -I '{}' find '{}' -xdev -nouser -ls
#!/bin/bashdf --local -P | awk {'if (NR!=1) print $6'} | xargs -I '{}' find '{}' -xdev -type f -perm -0002
#!/bin/bashdf --local -P | awk {'if (NR!=1) print $6'} | xargs -I '{}' find '{}' -xdev -type f -perm -2000 -print
#!/bin/bashdf --local -P | awk {'if (NR!=1) print $6'} | xargs -I '{}' find '{}' -xdev -type f -perm -4000 -print
#!/bin/bashfor dir in `/bin/cat /etc/passwd | /bin/egrep -v '(root|halt|sync|shutdown)' | /bin/awk -F: '($7 != "/sbin/nologin") { print $6 }'`; do for file in $dir/.rhosts; do if [ ! -h "$file" -a -f "$file" ]; then echo ".rhosts file in $dir" fi donedone
#!/bin/bashfor dir in `/bin/cat /etc/passwd | /bin/egrep -v '(root|halt|sync|shutdown)' | /bin/awk -F: '($8 == "PS" & do dirperm=`/bin/ls -ld $dir | /bin/cut -f1 -d" "` if [ `echo $dirperm | /bin/cut -c6 ` != "-" ]; then echo "Group Write permission set on directory $dir" fi if [ `echo $dirperm | /bin/cut -c8 ` != "-" ]; then echo "Other Read permission set on directory $dir" fi if [ `echo $dirperm | /bin/cut -c9 ` != "-" ]; then echo "Other Write permission set on directory $dir" fi if [ `echo $dirperm | /bin/cut -c10 ` != "-" ]; then echo "Other Execute permission set on directory $dir" fidone
#!/bin/bashfor dir in `/bin/cat /etc/passwd | /bin/egrep -v '(root|sync|halt|shutdown)' | /bin/awk -F: '($7 != "/sbin/nologin") { print $6 }'`; do for file in $dir/.[A-Za-z0-9]*; do if [ ! -h "$file" -a -f "$file" ]; then fileperm=`/bin/ls -ld $file | /bin/cut -f1 -d" "` if [ `echo $fileperm | /bin/cut -c6 ` != "-" ]; then echo "Group Write permission set on file $file" fi if [ `echo $fileperm | /bin/cut -c9 ` != "-" ]; then echo "Other Write permission set on file $file" fi fi donedone
#!/bin/bashfor dir in `/bin/cat /etc/passwd | /bin/egrep -v '(root|sync|halt|shutdown)' | /bin/awk -F: '($7 != "/sbin/nologin") { print $6 }'`; do for file in $dir/.netrc; do if [ ! -h "$file" -a -f "$file" ]; then fileperm=`/bin/ls -ld $file | /bin/cut -f1 -d" "` if [ `echo $fileperm | /bin/cut -c5 ` != "-" ] then echo "Group Read set on $file" fi if [ `echo $fileperm | /bin/cut -c6 ` != "-" ] then echo "Group Write set on $file" fi if [ `echo $fileperm | /bin/cut -c7 ` != "-" ] then echo "Group Execute set on $file" fi if [ `echo $fileperm | /bin/cut -c8 ` != "-" ] then echo "Other Read set on $file" fi if [ `echo $fileperm | /bin/cut -c9 ` != "-" ] then echo "Other Write set on $file" fi if [ `echo $fileperm | /bin/cut -c10 ` != "-" ] then echo "Other Execute set on $file" fi fi donedone
#!/bin/bashif [ "`echo $PATH | /bin/grep :: `" != "" ]; then echo "Empty Directory in PATH (::)"fiif [ "`echo $PATH | bin/grep :$`" != "" ]; then echo "Trailing : in PATH"fip=`echo $PATH | /bin/sed -e 's/::/:/' -e 's/:$//' -e 's/:/ /g'`set -- $pwhile [ "$1" != "" ]; do if [ "$1" = "." ]; then echo "PATH contains ." shift continue fi if [ -d $1 ]; then dirperm=`/bin/ls -ldH $1 | /bin/cut -f1 -d" "` if [ `echo $dirperm | /bin/cut -c6 ` != "-" ]; then echo "Group Write permission set on directory $1" fi if [ `echo $dirperm | /bin/cut -c9 ` != "-" ]; then echo "Other Write permission set on directory $1" fi dirown=`ls -ldH $1 | awk '{print $3}'` if [ "$dirown" != "root" ] ; then echo $1 is not owned by root fi else echo $1 is not a directory fi shiftdone
#grep /var /etc/fstab /var ext3
Create a script as shown below and run it:#!/bin/bashfor i in $(cut -s -d: -f4 /etc/passwd | sort -u ); do grep -q -P "^.*?:x:$i:" /etc/group if [ $? -ne 0 ]; then echo "Group $i is referenced by /etc/passwd but does not exist in /etc/group" fidone
For each __ listed in the /etc/rsyslog.conf file, perform the following command and verify that the _:_ is root:root and the permissions are 0600 (for sites that have not implemented a secure group) and root:securegrp with permissions of 0640 (for sites that have implemented a secure group):# ls -l __
Perform the following command and make sure that the MTA is listening on the loopback address (127.0.0.1):# netstat -an | grep LIST | grep ":25[[:space:]]"tcp 0 0 127.0.0.1:25 0.0.0.0:* LISTEN
Perform the following command to determine if there are any packages that need to be updated:# yum check-update
Perform the following command to verify that rsyslog is installed.# rpm -q rsyslogrsyslog..
Perform the following commands to check if OS information is set to be displayed in the system login banners:# egrep '(\v|\r|\m|\s)' /etc/issue# egrep '(\v|\r|\m|\s)' /etc/motd# egrep'(\v|\r|\m|\s)' /etc/issue.net
Perform the following to determine if /etc/sysconfig/init is configured correctly:# grep SINGLE /etc/sysconfig/initSINGLE=/sbin/sulogin
Perform the following to determine if a password is required to set command line boot parameters:# grep "^password" /etc/grub.confpassword --md5 _[Encrypted Password]_NOTE: Requirement is only that a password is set, other encryption options are available.
Perform the following to determine if accepting source routed packets is disabled.# /sbin/sysctl net.ipv4.conf.all.accept_source_routenet.ipv4.conf.all.accept_source_route = 0# /sbin/sysctl net.ipv4.conf.default.accept_source_routenet.ipv4.conf.default.accept_source_route = 0
Perform the following to determine if all ICMP echo and timestamp requests to broadcast and multicast addresses will be ignored.# /sbin/sysctl net.ipv4.icmp_echo_ignore_broadcastsnet.ipv4.icmp_echo_ignore_broadcasts = 1
Perform the following to determine if anacron is enabled.# rpm -q cronie-anacroncronie-anacron..
Perform the following to determine if apache is disabled.# rpm -q httpdpackage httpd is not installed
Perform the following to determine if at jobs are restricted.# stat -L /etc/at.deny > /dev/null# stat -L -c "%a %u %g" /etc/at.allow | egrep ".00 0 0" If the above command emits no output then the system is not configured as recommended.
Perform the following to determine if Avahi is disabled.# chkconfig --list avahi-daemonavahi-daemon: 0:off 1:off 2:off 3:off 4:off 5:off 6:off
Perform the following to determine if bogus messages will be ignored.# /sbin/sysctl net.ipv4.icmp_ignore_bogus_error_responsesnet.ipv4.icmp_ignore_bogus_error_responses = 1
Perform the following to determine if core dumps are restricted.# grep "hard core" /etc/security/limits.conf* hard core 0# sysctl fs.suid_dumpablefs.suid_dumpable = 0
Perform the following to determine if cron is enabled.# chkconfig --list crondcrond: 0:off 1:off 2:on 3:on 4:on 5:on 6:off
Perform the following to determine if CUPS is disabled.# chkconfig --list cupschkconfig: 0:off 1:off 2:off 3:off 4:off 5:off 6:off
Perform the following to determine if DCCP is disabled.# grep "install dccp /bin/true" /etc/modprobe.d/CIS.confinstall dccp /bin/true
Perform the following to determine if DHCP is disabled.# rpm -q dhcppackage dhcp is not installed
Perform the following to determine if DNS is disabled on the system.# rpm -q bindpackage bind is not installed
Perform the following to determine if dovecot is installed on the system.# rpm -q dovecotpackage dovecot is not installed
Perform the following to determine if ExecShield is enabled.# sysctl kernel.exec-shieldkernel.exec-shield = 1
Perform the following to determine if FTP is disabled.# rpm -q vsftpdpackage vsftpd is not installed
Perform the following to determine if ICMP redirect messages will be rejected.# /sbin/sysctl net.ipv4.conf.all.accept_redirectsnet.ipv4.conf.all.accept_redirects = 0# /sbin/sysctl net.ipv4.conf.default.accept_redirectsnet.ipv4.conf.default.accept_redirects = 0
Perform the following to determine if IP6Tables is enabled:# chkconfig --list ip6tablesip6tables 0:off 1:off 2:on 3:on 4:on 5:on 6:off
Perform the following to determine if IPtables is enabled:# chkconfig --list iptablesiptables 0:off 1:off 2:on 3:on 4:on 5:on 6:off
Perform the following to determine if IPv6 is enabled# grep NETWORKING_IPV6 /etc/sysconfig/networkNETWORKING_IPV6=no # grep IPV6INIT /etc/sysconfig/networkIPV6INIT=no# grep ipv6 /etc/modprobe.d/ipv6.confoptions ipv6 disable=1
Perform the following to determine if IPv6 redirects are disabled.# /sbin/sysctl net.ipv6.conf.all.accept_redirectsnet.ipv6.conf.all.accept_redirect = 0# /sbin/sysctl net.ipv6.conf.default.accept_redirectsnet.ipv6.conf.default.accept_redirect = 0
Perform the following to determine if LDAP is running.# rpm -q openldap-serverspackage openldap-servers is not installed# rpm -q openldap-clientspackage openldap-clients is not installed
Perform the following to determine if net-snmp is installed on the system.# rpm -q net-snmppackage net-snmp is not installed
Perform the following to determine if net.ipv4.ip_forward is enabled on the system.# /sbin/sysctl net.ipv4.ip_forwardnet.ipv4.ip_forward = 0
Perform the following to determine if NFS is disabled.# chkconfig --list nfslocknfslock: 0:off 1:off 2:off 3:off 4:off 5:off 6:off# chkconfig --list rpcgssdrpcgssd: 0:off 1:off 2:off 3:off 4:off 5:off 6:off# chkconfig --list rpcbindrpcbind: 0:off 1:off 2:off 3:off 4:off 5:off 6:off # chkconfig --list rpcidmapdrpcidmapd: 0:off 1:off 2:off 3:off 4:off 5:off 6:off # chkconfig --list rpcsvcgssdrpcsvcgssd: 0:off 1:off 2:off 3:off 4:off 5:off 6:off
Perform the following to determine if PROMPT is disabled:# grep "^PROMPT=" /etc/sysconfig/initPROMPT=no
Perform the following to determine if RDS is disabled.# grep "install rds /bin/true" /etc/modprobe.d/CIS.confinstall rds /bin/true
Perform the following to determine if rsh is installed on the system.# rpm -q rshpackage rsh is not installed
Perform the following to determine if rsh-server is installed on the system.# rpm -q rsh-serverpackage rsh-server is not installed
Perform the following to determine if samba is installed on the system.# rpm -q sambapackage samba is not installed
Perform the following to determine if SCTP is disabled.# grep "install sctp /bin/true" /etc/modprobe.d/CIS.confinstall sctp /bin/true
Perform the following to determine if send packet redirects is disabled.# /sbin/sysctl net.ipv4.conf.all.send_redirectsnet.ipv4.conf.all.send_redirects = 0# /sbin/sysctl net.ipv4.conf.default.send_redirectsnet.ipv4.conf.default.send_redirects = 0
Perform the following to determine if squid is installed on the system.# rpm -q squidpackage squid is not installed
Perform the following to determine if suspicious packets are logged.# /sbin/sysctl net.ipv4.conf.all.log_martiansnet.ipv4.conf.all.log_martians = 1# /sbin/sysctl net.ipv4.conf.default.log_martiansnet.ipv4.conf.default.log_martians = 1
Perform the following to determine if talk is installed on the system.# rpm -q talkpackage talk is not installed
Perform the following to determine if talk-server is installed on the system:# rpm -q talk-serverpackage talk-server is not installed
Perform the following to determine if TCP SYN Cookies is enabled.# /sbin/sysctl net.ipv4.tcp_syncookiesnet.ipv4.tcp_syncookies = 1
Perform the following to determine if TCP Wrappers is enabled.# yum list tcp_wrapperstcp_wrappers.
Perform the following to determine if tftp is installed on the system.# rpm -q tftppackage tftp is not installed
Perform the following to determine if tftp-server is installed on the system.# rpm -q tftp-serverpackage tftp-server is not installed
Perform the following to determine if the /etc/anacrontab file has the correct permissions.# stat -L -c "%a %u %g" /etc/anacrontab | egrep ".00 0 0"If the above command emits no output then the system is not configured as recommended.
Perform the following to determine if the /etc/cron.d directory has the correct permissions.# stat -L -c "%a %u %g" /etc/cron.d | egrep ".00 0 0" If the above command emits no output then the system is not configured as recommended.
Perform the following to determine if the /etc/cron.daily directory has the correct permissions.# stat -L -c "%a %u %g" /etc/cron.daily | egrep ".00 0 0" If the above command emits no output then the system is not configured as recommended.
Perform the following to determine if the /etc/cron.hourly file has the correct permissions.# stat -L -c "%a %u %g" /etc/cron.hourly | egrep ".00 0 0" If the above command emits no output then the system is not configured as recommended.
Perform the following to determine if the /etc/cron.monthly directory has the correct permissions.# stat -L -c "%a %u %g" /etc/cron.monthly | egrep ".00 0 0"If the above command emits no output then the system is not configured as recommended.
Perform the following to determine if the /etc/cron.weekly directory has the correct permissions.# stat -L -c "%a %u %g" /etc/cron.weekly | egrep ".00 0 0" If the above command emits no output then the system is not configured as recommended.
Perform the following to determine if the /etc/crontab file has the correct permissions.# stat -L -c "%a %u %g" /etc/crontab | egrep ".00 0 0" If the above command emits no output then the system is not configured as recommended.
Perform the following to determine if the /etc/grub.conf file has the correct ownership:# stat -L -c "%u %g" /etc/grub.conf | egrep "0 0" If the above command emits no output then the system is not configured as recommended.
Perform the following to determine if the /etc/grub.conf file permissions are correct:# stat -L -c "%a" /etc/grub.conf | egrep ".00" If the above command emits no output then the system is not configured as recommended.
Perform the following to determine if the appropriate system logs are rotated.# grep '{' /etc/logrotate.d/syslog/var/log/messages /var/log/secure /var/log/maillog /var/log/spooler /var/log/boot.log /var/log/cron {
Perform the following to determine if the daemon umask is set. # grep umask /etc/sysconfig/initumask 027
Perform the following to determine if the password-hashing algorithm is set to SHA-512:# authconfig --test | grep hashing | grep sha512If the above command emits no output then the system is not configured as recommended
Perform the following to determine if the remediation in the section has been performed:# ls -l /etc/cron.deny[no output returned]# ls -l /etc/at.deny[no output returned]# ls -l /etc/cron.allow-rw------- 1 root root /etc/cron.allow# ls -l /etc/at.allow-rw------- 1 root root /etc/at.allow
Perform the following to determine if the system is configured as recommended:# grep -e "^/tmp" /etc/fstab | grep /var/tmp/tmp /var/tmp none none 0 0# mount | grep -e "^/tmp" | grep /var/tmp/tmp on /var/tmp type none (rw,bind) If the above commands emit no output then the system is not configured as recommended.
Perform the following to determine if the system is disabled from accepting router advertisements:# /sbin/sysctl net.ipv6.conf.all.accept_ranet.ipv6.conf.all.accept_ra = 0# /sbin/sysctl net.ipv6.conf.default.accept_ranet.ipv6.conf.default.accept_ra = 0
Perform the following to determine if the telnet package is on the system.# rpm -q telnetpackage telnet is not installed
Perform the following to determine if the telnet-server package is on the system.# rpm -q telnet-serverpackage telnet-server is not installed
Perform the following to determine if the X Window server is installed on the system:# grep "^id:" /etc/inittabid:3:initdefault# rpm -q xorg-x11-server-common
Perform the following to determine if TIPC is disabled.# grep "install tipc /bin/true" /etc/modprobe.d/CIS.confinstall tipc /bin/true
Perform the following to determine if virtual memory is randomized.# sysctl kernel.randomize_va_spacekernel.randomize_va_space = 2
Perform the following to determine if wireless interfaces are active.# ifconfig -aValidate that all interfaces using wireless are down.
Perform the following to determine if ypbind is installed on the system.# rpm -q ypbindpackage ypbind is not installed
Perform the following to determine if ypserv is installed on the system.# rpm -q ypservpackage ypserv is not installed
Perform the following to determine the current setting for reuse of older passwords:# grep "remember" /etc/pam.d/system_authpassword sufficient pam_unix.so remember=5
Perform the following to determine the current settings for user lockout.# grep "pam_tally2" /etc/pam.d/system-authauth required pam_tally2.so onerr=fail audit silent deny=5 unlock_time=900
Perform the following to determine the current settings in the pam_cracklib.so file.# grep pam_cracklib.so /etc/pam.d/system-authpassword required pam_cracklib.so try_first_pass retry=3 minlen=14 dcredit=-1 ucredit=-1 ocredit=-1 lcredit=-1
Perform the following to verify integrity of installed packages.# rpm -qVa | awk '$2 != "c" { print $0}'If any output shows up, you may have an integrity issue with that packageNOTE: Actions in other areas of the benchmark change permissions on some files to make them more secure than the default, which would cause this check to fail. It is important to validate the packages either have the permissions they were intended to have, or have been intentionally altered. It is recommended that any output generated in the audit step be investigated to justify the discrepancy.
Review the /etc/rsyslog.conf file and verify that logs are sent to a central host (where _logfile.example.com_ is the name of your central log host). # grep "^*.*[^I][^I]*@" /etc/rsyslog.conf*.* @@loghost.example.com
Review the contents of the /etc/rsyslog.conf file to ensure appropriate logging is set. In addition, perform the following command and ensure that the log files are logging information:# ls -l /var/log/
Run the following command and verify that no output is returned: # /bin/grep '^+:' /etc/group
Run the following command and verify that no output is returned: # /bin/grep '^+:' /etc/passwd
Run the following command and verify that no output is returned: # /bin/grep '^+:' /etc/shadow
Run the following command and verify that no output is returned:# /bin/cat /etc/shadow | /bin/awk -F: '($2 == "" ) { print $1 " does not have a password "}'
Run the following command and verify that only the word "root" is returned:# /bin/cat /etc/passwd | /bin/awk -F: '($3 == 0) { print $1 }'root
Run the following command to determine the current OS level:# uname -r or# cat /etc/redhat-release
Run the following command to determine the permissions on the /etc/group file. # /bin/ls -l /etc/group-rw-r--r-- 1 root root 762 Sep 23 002 /etc/group
Run the following command to determine the permissions on the /etc/group file.# /bin/ls -l /etc/group-rw-r--r-- 1 root root 762 Sep 23 002 /etc/group
Run the following command to determine the permissions on the /etc/gshadow file. # /bin/ls -l /etc/gshadow---------- 1 root root 633 Sep 23 2002 /etc/gshadow
Run the following command to determine the permissions on the /etc/gshadow file. # /bin/ls -l /etc/gshadow---------- 1 root root 633 Sep 23 2002 /etc/gshadow
Run the following command to determine the permissions on the /etc/hosts.allow file. # /bin/ls -l /etc/hosts.allow-rw-r--r-- 1 root root 2055 Jan 30 16:30 /etc/hosts.allow
Run the following command to determine the permissions on the /etc/hosts.deny file. # /bin/ls -l /etc/hosts.deny-rw-r--r-- 1 root root 2055 Jan 30 16:30 /etc/hosts.deny
Run the following command to determine the permissions on the /etc/passwd file. # /bin/ls -l /etc/passwd-rw-r--r-- 1 root root 2055 Jan 30 16:30 /etc/passwd
Run the following command to determine the permissions on the /etc/shadow file. # /bin/ls -l /etc/shadow---------- 1 root root 633 Sep 23 2002 /etc/shadow
Run the following command to determine the permissions on the /etc/shadow file. # /bin/ls -l /etc/shadow---------- 1 root root 762 Sep 23 2002 /etc/shadow
Run the following command to determine the user and group ownership on the /etc/passwd file.# /bin/ls -l /etc/passwd-rw-r--r-- 1 root root 762 Sep 23 002 /etc/passwd
Run the following command to determine the user and group ownership on the /etc/ssh/sshd_config file.# /bin/ls -l /etc/ssh/sshd_config-rw------- 1 root root 762 Sep 23 002 /etc/ssh/sshd_config
Run the following command to ensure that the system has the Red Hat GPG key properly installed:# rpm -q --queryformat "%{SUMMARY}n" gpg-pubkey
Run the following command to verify that gpgcheck is set to 1 in all occurrences of the /etc/yum.conf file:# grep gpgcheck /etc/yum.confgpgcheck=1
Run the following command to verify the contents of the /etc/hosts.allow file. # cat /etc/hosts.allow[contents will vary, depending on your network configuration]
Run the following commands and ensure that the files exist and have the correct permissions.# /bin/ls -l /etc/motd-rw-r--r-- 1 root root 2055 Jan 30 16:30 /etc/motd# ls /etc/issue-rw-r--r-- 1 root root 2055 Jan 30 16:30 /etc/issue# ls /etc/issue.net-rw-r--r-- 1 root root 2055 Jan 30 16:30 /etc/issue.net The commands above simply validate the presence of the /etc/motd, /etc/issue and /etc/issue.net files. Review the contents of these files with the "cat" command and ensure that it is appropriate for your organization.
Run the following commands to determine if the system is configured as recommended. # grep /tmp /etc/fstab | grep nodev# mount | grep /tmp | grep nodev If either command emits no output then the system is not configured as recommended.
Run the following commands to determine if the system is configured as recommended. # grep /tmp /etc/fstab | grep noexec# mount | grep /tmp | grep noexec If either command emits no output then the system is not configured as recommended.
Run the following commands to determine if the system is configured as recommended. # grep /tmp /etc/fstab | grep nosuid# mount | grep /tmp | grep nosuid If either command emits no output then the system is not configured as recommended.
Run the following commands to determine if the system is in configured as recommended:# grep /dev/shm /etc/fstab | grep nodev# mount | grep /dev/shm | grep nodev If either command emits no output then the system is not configured as recommended.
Run the following commands to determine if the system is in configured as recommended:# grep /dev/shm /etc/fstab | grep noexec# mount | grep /dev/shm | grep noexec If either command emits no output then the system is not configured as recommended.
Run the following commands to determine if the system is in configured as recommended:# grep /dev/shm /etc/fstab | grep nosuid# mount | grep /dev/shm | grep nosuid If either command emits no output then the system is not configured as recommended.
Run the following script to determine if any system accounts can be accessed:egrep -v "^+" /etc/passwd | awk -F: '($1!="root" && $1!="sync" && $1!="shutdown" && $1!="halt" && $3
Run the following to determine if rsyslog is listening for remote messages:# grep '$ModLoad imtcp.so' /etc/rsyslog.conf$ModLoad imtcp.so# grep '$InputTCPServerRun' /etc/rsyslog.conf$InputTCPServerRun 514
The following script checks for the correct parameters on restrict default and restrict -6 default:# grep "restrict default" /etc/ntp.confrestrict default kod nomodify notrap nopeer noquery# grep "restrict -6 default" /etc/ntp.confrestrict -6 default kod nomodify notrap nopeer noquery Perform the following to determine if the system is configured to use an NTP Server and that the ntp daemon is running as an unprivileged user.# grep "^server" /etc/ntp.confserver # grep "ntp:ntp" /etc/sysconfig/ntpdOPTIONS="-u ntp:ntp -p /var/run/ntpd.pid"
This script checks for the presence of .forward files that may be in violation of the site security policy.#!/bin/bash for dir in `/bin/cat /etc/passwd | /bin/awk -F: '{ print $6 }'`; do if [ ! -h "$dir/.forward" -a -f "$dir/.forward" ]; then echo ".forward file $dir/.forward exists" fidone
This script checks to make sure all GIDs in the /etc/group file are unique. You can also use the /usr/sbin/grpck command to check for other inconsistencies in the /etc/group file.#!/bin/bash echo "The Output for the Audit of Control 9.2.16 - Check for Duplicate GIDs is"/bin/cat /etc/group | /bin/cut -f3 -d":" | /bin/sort -n | /usr/bin/uniq -c | while read x ; do [ -z "${x}" ] & then grps=`/bin/gawk -F: '($3 == n) { print $1 }' n=$2  /etc/group | xargs` echo "Duplicate GID ($2): ${grps}" fidone
This script checks to make sure all group names in the /etc/group file are unique.#!/bin/bash echo "The Output for the Audit of Control 9.2.19 - Check for Duplicate Group Names is"cat /etc/group | cut -f1 -d":" | /bin/sort -n | /usr/bin/uniq -c | while read x ; do [ -z "${x}" ] & then gids=`/bin/gawk -F: '($1 == n) { print $3 }' n=$2  /etc/group | xargs` echo "Duplicate Group Name ($2): ${gids}" fidone
This script checks to make sure all UIDs in the /etc/passwd file are unique.#!/bin/bash echo "The Output for the Audit of Control 9.2.15 - Check for Duplicate UIDs is"/bin/cat /etc/passwd | /bin/cut -f3 -d":" | /bin/sort -n | /usr/bin/uniq -c | while read x ; do [ -z "${x}" ] & then users=`/bin/gawk -F: '($3 == n) { print $1 }' n=$2  /etc/passwd | /usr/bin/xargs` echo "Duplicate UID ($2): ${users}" fidone
This script checks to make sure all user names in the /etc/passwd file are unique.#!/bin/bash echo "The Output for the Audit of Control 9.2.18 - Check for Duplicate User Names is"cat /etc/passwd | cut -f1 -d":" | /bin/sort -n | /usr/bin/uniq -c | while read x ; do [ -z "${x}" ] & then uids=`/bin/gawk -F: '($1 == n) { print $3 }' n=$2  /etc/passwd | xargs` echo "Duplicate User Name ($2): ${uids}" fidone
This script checks to make sure that home directories assigned in the /etc/passwd file exist.#!/bin/bash cat /etc/passwd | awk -F: '{ print $1 " " $3 " " $6 }' | while read user uid dir; do if [ $uid -ge 500 -a ! -d "$dir" -a $user != "nfsnobody" ]; then echo "The home directory ($dir) of user $user does not exist." fidone
This script checks to make sure users own the home directory they are assigned to in the /etc/passwd file.#!/bin/bash cat /etc/passwd | awk -F: '{ print $1 " " $3 " " $6 }' | while read user uid dir; do if [ $uid -ge 500 -a -d "$dir" -a $user != "nfsnobody" ]; then owner=$(stat -L -c "%U" "$dir") if [ "$owner" != "$user" ]; then echo "The home directory ($dir) of user $user is owned by $owner." fi fidone
To verify the correct SSH setting, run the following command and verify that  is either /etc/issue or /etc/issue.net:# grep "^Banner" /etc/ssh/sshd_configBanner
To verify the correct SSH setting, run the following command and verify that the output is as shown:# grep -v "Ciphers" /etc/ssh/sshd_config Ciphers aes128-ctr,aes192-ctr,aes256-ctr
To verify the correct SSH setting, run the following command and verify that the output is as shown:# grep "^AllowUsers" /etc/ssh/sshd_config AllowUsers # grep "^AllowGroups" /etc/ssh/sshd_config AllowGroups # grep "^DenyUsers" /etc/ssh/sshd_config DenyUsers # grep "^DenyGroups" /etc/ssh/sshd_config DenyGroups
To verify the correct SSH setting, run the following command and verify that the output is as shown:# grep "^ClientAliveInterval" /etc/ssh/sshd_config ClientAliveInterval 300# grep "^ClientAliveCountMax" /etc/ssh/sshd_config ClientAliveCountMax 0
To verify the correct SSH setting, run the following command and verify that the output is as shown:# grep "^HostbasedAuthentication" /etc/ssh/sshd_config HostbasedAuthentication no
To verify the correct SSH setting, run the following command and verify that the output is as shown:# grep "^IgnoreRhosts" /etc/ssh/sshd_config IgnoreRhosts yes
To verify the correct SSH setting, run the following command and verify that the output is as shown:# grep "^LogLevel" /etc/ssh/sshd_config LogLevel INFO
To verify the correct SSH setting, run the following command and verify that the output is as shown:# grep "^MaxAuthTries" /etc/ssh/sshd_config MaxAuthTries 4
To verify the correct SSH setting, run the following command and verify that the output is as shown:# grep "^PermitEmptyPasswords" /etc/ssh/sshd_config PermitEmptyPasswords no
To verify the correct SSH setting, run the following command and verify that the output is as shown:# grep "^PermitRootLogin" /etc/ssh/sshd_config PermitRootLogin no
To verify the correct SSH setting, run the following command and verify that the output is as shown:# grep "^Protocol" /etc/ssh/sshd_configProtocol 2
To verify the correct SSH setting, run the following command and verify that the output is as shown:# grep "^X11Forwarding" /etc/ssh/sshd_config X11Forwarding no
To verify the correct SSH setting, run the following command and verify that the output is as shown:# grep PermitUserEnvironment /etc/ssh/sshd_config PermitUserEnvironment no
Verify that /etc/hosts.deny exists and is configured to deny all hosts not explicitly listed in /etc/hosts.allow:# grep "ALL: ALL" /etc/hosts.denyALL: ALL
Verify that the system is registered by executing the following command:# yum check-update
Verify that there is a /tmp file partition in the /etc/fstab file.# grep "[[:space:]]/tmp[[:space:]]" /etc/fstab
dave









# /sbin/modprobe -n -v cramfsinstall /bin/true# /sbin/lsmod | grep cramfs
# /sbin/modprobe -n -v freevxfsinstall /bin/true# /sbin/lsmod | grep freevxfs
# /sbin/modprobe -n -v hfsinstall /bin/true# /sbin/lsmod | grep hfs
# /sbin/modprobe -n -v hfsplusinstall /bin/true# /sbin/lsmod | grep hfsplus
# /sbin/modprobe -n -v jffs2install /bin/true# /sbin/lsmod | grep jffs2
# /sbin/modprobe -n -v squashfsinstall /bin/true# /sbin/lsmod | grep squashfs
# /sbin/modprobe -n -v udfinstall /bin/true# /sbin/lsmod | grep udf
# chkconfig --list rhnsd rhnsd: 0:off 1:off 2:off 3:off 4:off 5:off 6:off
# rpm -q setroubleshootsetroubleshoot..
For 64 bit systems perform the following command and ensure the output is as shown to determine if filesystem mounts are recorded. Note: "-a always,exit" may be specified as "-a exit,always".# grep mounts /etc/audit/audit.rules-a always,exit -F arch=b64 -S mount -F auid>=500 -F auid!=4294967295 -k mounts-a always,exit -F arch=b32 -S mount -F auid>=500 -F auid!=4294967295 -k mountsFor 32 bit systems perform the following command and ensure the output is as shown to determine if filesystem mounts are recorded. Note: "-a always,exit" may be specified as "-a exit,always".# grep mounts /etc/audit/audit.rules-a always,exit -F arch=b32 -S mount -F auid>=500 -F auid!=4294967295 -k mounts
For 64 bit systems, perform the following command and ensure the output is as shown to determine if file deletion events by user are recorded.# grep delete /etc/audit/audit.rules-a always,exit -F arch=b64 -S unlink -S unlinkat -S rename -S renameat -F auid>=500 -F auid!=4294967295 -k delete-a always,exit -F arch=b32 -S unlink -S unlinkat -S rename -S renameat -F auid>=500 -F auid!=4294967295 -k delete For 32 bit systems, perform the following command and ensure the output is as shown to determine if file deletion events by user are recorded.# grep delete /etc/audit/audit.rules-a always,exit -F arch=b32 -S unlink -S unlinkat -S rename -S renameat -F auid>=500 -F auid!=4294967295 -k delete
For 64 bit systems, perform the following command and ensure the output is as shown to determine if permission modifications are being recorded. Note: "-a always,exit" may be specified as "-a exit,always".# grep perm_mod /etc/audit/audit.rules-a always,exit -F arch=b64 -S chmod -S fchmod -S fchmodat -F auid>=500 -F auid!=4294967295 -k perm_mod-a always,exit -F arch=b32 -S chmod -S fchmod -S fchmodat -F auid>=500 -F auid!=4294967295 -k perm_mod-a always,exit -F arch=b64 -S chown -S fchown -S fchownat -S lchown -F auid>=500 -F auid!=4294967295 -k perm_mod-a always,exit -F arch=b32 -S chown -S fchown -S fchownat -S lchown -F auid>=500 -F auid!=4294967295 -k perm_mod-a always,exit -F arch=b64 -S setxattr -S lsetxattr -S fsetxattr -S removexattr -S lremovexattr -S fremovexattr -F auid>=500 -F auid!=4294967295 -k perm_mod-a always,exit -F arch=b32 -S setxattr -S lsetxattr -S fsetxattr -S removexattr -S lremovexattr -S fremovexattr -F auid>=500 -F auid!=4294967295 -k perm_mod For 32 bit systems, perform the following command and ensure the output is as shown to determine if permission modifications are being recorded. Note: "-a always,exit" may be specified as "-a exit,always".# grep perm_mod /etc/audit/audit.rules-a always,exit -F arch=b32 -S chmod -S fchmod -S fchmodat -F auid>=500 -F auid!=4294967295 -k perm_mod-a always,exit -F arch=b32 -S chown -S fchown -S fchownat -S lchown -F auid>=500 -F auid!=4294967295 -k perm_mod-a always,exit -F arch=b32 -S setxattr -S lsetxattr -S fsetxattr -S removexattr -S lremovexattr -S fremovexattr -F auid>=500 -F auid!=4294967295 -k perm_mod
On 64 bit systems, perform the following command and ensure the output is as shown to determine if there are unsuccessful attempts to access files. Note: "-a always,exit" may be specified as "-a exit,always".# grep access /etc/audit/audit.rules-a always,exit -F arch=b64 -S creat -S open -S openat -S truncate -S ftruncate -F exit=-EACCES -F auid>=500 -F auid!=4294967295 -k access-a always,exit -F arch=b32 -S creat -S open -S openat -S truncate -S ftruncate -F exit=-EACCES -F auid>=500 -F auid!=4294967295 -k access-a always,exit -F arch=b64 -S creat -S open -S openat -S truncate -S ftruncate -F exit=-EPERM -F auid>=500 -F auid!=4294967295 -k access-a always,exit -F arch=b32 -S creat -S open -S openat -S truncate -S ftruncate -F exit=-EPERM -F auid>=500 -F auid!=4294967295 -k access On 32 bit systems, perform the following command and ensure the output is as shown to determine if there are unsuccessful attempts to access files. Note: "-a always,exit" may be specified as "-a exit,always".# grep access /etc/audit/audit.rules-a always,exit -F arch=b32 -S creat -S open -S openat -S truncate -S ftruncate -F exit=-EACCES -F auid>=500 -F auid!=4294967295 -k access-a always,exit -F arch=b32 -S creat -S open -S openat -S truncate -S ftruncate -F exit=-EPERM -F auid>=500 -F auid!=4294967295 -k access
On a 64 bit system, perform the following command and ensure the output is as shownto determine if events that modify the system's environment are recorded. Note: "-a always,exit" may be specified as "-a exit,always".# grep system-locale /etc/audit/audit.rules-a always,exit -F arch=b64 -S sethostname -S setdomainname -k system-locale-a always,exit -F arch=b32 -S sethostname -S setdomainname -k system-locale-w /etc/issue -p wa -k system-locale-w /etc/issue.net -p wa -k system-locale-w /etc/hosts -p wa -k system-locale-w /etc/sysconfig/network -p wa -k system-locale For 32 bit systems, perform the following command and ensure the output is as shown to determine if events that modify the system's environment are recorded. Note: "-a always,exit" may be specified as "-a exit,always".# grep system-locale /etc/audit/audit.rules-a always,exit -F arch=b32 -S sethostname -S setdomainname -k system-locale-w /etc/issue -p wa -k system-locale-w /etc/issue.net -p wa -k system-locale-w /etc/hosts -p wa -k system-locale-w /etc/sysconfig/network -p wa -k system-locale
Perform the following to determine if /etc/grub.conf is configured to log processes that start prior to auditd. # grep "kernel" /etc/grub.confMake sure each line that starts with kernel has the audit=1 parameter set.
Perform the following to determine if administrator activity is recorded.# grep actions /etc/audit/audit.rules-w /var/log/sudo.log -p wa -k actions
Perform the following to determine if AIDE is installed.# rpm -q aideaide..
Perform the following to determine if audit logs are retained.# grep max_log_file_action /etc/audit/auditd.confmax_log_file_action = keep_logs
Perform the following to determine if auditd is configured to notify the administrator and halt the system when audit logs are full.# grep space_left_action /etc/audit/auditd.confspace_left_action = email# grep action_mail_acct /etc/audit/auditd.confaction_mail_acct = root# grep admin_space_left_action /etc/audit/auditd.confadmin_space_left_action = halt
Perform the following to determine if auditd is enabled.# chkconfig --list auditdauditd: 0: off 1: off 2: on 3: on 4: on 5: on 6: off
Perform the following to determine if changes to /etc/sudoers are recorded.# grep scope /etc/audit/audit.rules-w /etc/sudoers -p wa -k scope
Perform the following to determine if events that modify the system's mandatory access controls are recorded# grep MAC-policy /etc/audit/audit.rules-w /etc/selinux/ -p wa -k MAC-policy
Perform the following to determine if events that modify user/group information are recorded.# grep identity /etc/audit/audit.rules-w /etc/group -p wa -k identity-w /etc/passwd -p wa -k identity-w /etc/gshadow -p wa -k identity-w /etc/shadow -p wa -k identity-w /etc/security/opasswd -p wa -k identity
Perform the following to determine if events where the system date and/or time has been modified are captured.On a 64 bit system, perform the following command and ensure the output is as shown. Note: "-a always,exit" may be specified as "-a exit,always".# grep time-change /etc/audit/audit.rules-a always,exit -F arch=b64 -S adjtimex -S settimeofday -k time-change-a always,exit -F arch=b32 -S adjtimex -S settimeofday -S stime -k time-change-a always,exit -F arch=b64 -S clock_settime -k time-change-a always,exit -F arch=b32 -S clock_settime -k time-change-w /etc/localtime -p wa -k time-change# Execute the following command to restart auditd# pkill -P 1-HUP auditd On a 32 bit system, perform the following command and ensure the output is as shown. Note: "-a always,exit" may be specified as "-a exit,always".# grep time-change /etc/audit/audit.rules-a always,exit -F arch=b32 -S adjtimex -S settimeofday -S stime -k time-change-a always,exit -F arch=b32 -S clock_settime -k time-change-w /etc/localtime -p wa -k time-change# Execute the following command to restart auditd# pkill -P 1-HUP auditd
Perform the following to determine if ICMP redirect messages will be rejected from known gateways.# /sbin/sysctl net.ipv4.conf.all.secure_redirectsnet.ipv4.conf.all.secure_redirects = 0# /sbin/sysctl net.ipv4.conf.default.secure_redirectsnet.ipv4.conf.default.secure_redirects = 0
Perform the following to determine if kernel module loading and unloading is recorded. Note: "-a always,exit" may be specified as "-a exit,always".# grep modules /etc/audit/audit.rules-w /sbin/insmod -p x -k modules-w /sbin/rmmod -p x -k modules-w /sbin/modprobe -p x -k modulesFOR 32 BIT SYSTEMS-a always,exit -F arch=b32 -S init_module -S delete_module -k modulesFOR 64 BIT SYSTEMS-a always,exit -F arch=b64 -S init_module -S delete_module -k modules
Perform the following to determine if login and logout events are recorded.# grep logins /etc/audit/audit.rules-w /var/log/faillog -p wa -k logins-w /var/log/lastlog -p wa -k logins-w /var/log/tallylog -p wa -k logins
Perform the following to determine if mctrans is disabled:# rpm -q mcstransmcstrans..
Perform the following to determine if RFC-recommended source route validation is enabled.# /sbin/sysctl net.ipv4.conf.all.rp_filternet.ipv4.conf.all.rp_filter = 1# /sbin/sysctl net.ipv4.conf.default.rp_filternet.ipv4.conf.default.rp_filter = 1
Perform the following to determine if SELinux is enabled at boot time.# grep SELINUX=enforcing /etc/selinux/configSELINUX=enforcing# /usr/sbin/sestatusSELinux status: enabledCurrent mode: enforcingMode from config file: enforcingPolicy from config file: targeted
Perform the following to determine if session initiation information is collected.# grep session /etc/audit/audit.rules-w /var/run/utmp -p wa -k session-w /var/log/wtmp -p wa -k session-w /var/log/btmp -p wa -k session
Perform the following to determine if the audit configuration is immutable.# grep "^-e 2" /etc/audit/audit.rules-e 2
Perform the following to determine if the targeted policy is selected in the /etc/selinux/config file.# grep SELINUXTYPE=targeted /etc/selinux/configSELINUXTYPE=targeted# /usr/sbin/sestatusSELinux status: enabledCurrent mode: enforcingMode from config file: enforcingPolicy from config file: targeted Note: If your organization requires stricter policies, verify that they are selected by using the "grep" command on the /etc/selinux/config file.
Perform the following to determine if there is a cron job scheduled to run the aide check.# crontab -u root -l | grep aide0 5 * * * /usr/sbin/aide --check
Perform the following to determine if unconfined daemons are running on the system. # ps -eZ | egrep "initrc" | egrep -vw "tr|ps|egrep|bash|awk" | tr ':' ' ' | awk '{ print $NF }'[no output produced]
Perform the following to determine if xinetd is installed on the system.# rpm -q xinetdpackage xinetd is not installed
Perform the following to determine the maximum size of the audit log files. # grep max_log_file /etc/audit/auditd.confmax_log_file = __
Perform the following to verify that SELinux is enabled at boot time:# grep selinux=0 /etc/grub.conf[no output produced]# grep enforcing=0 /etc/grub.conf[no output produced]
Run the following command to review all installed packages. Note that this may be very time consuming and may be best scheduled via the cron utility. It is recommended that the output of this command be redirected to a file that can be reviewed later.# rpm -Va --nomtime --nosize --nomd5 --nolinkto > __
Verify that an audit line for each setuid/setgid program identified in the find command appears in the audit file with the above attributes.
