<?xml version="1.0" encoding="UTF-8" standalone="no"?><oval_definitions xmlns="http://oval.mitre.org/XMLSchema/oval-definitions-5" xmlns:oval="http://oval.mitre.org/XMLSchema/oval-common-5" xmlns:oval-def="http://oval.mitre.org/XMLSchema/oval-definitions-5" xmlns:xsi="http://www.w3.org/2001/XMLSchema-instance" xsi:schemaLocation="http://oval.mitre.org/XMLSchema/oval-definitions-5#windows http://oval.mitre.org/language/version5.11/ovaldefinition/complete/windows-definitions-schema.xsd          http://oval.mitre.org/XMLSchema/oval-definitions-5#independent http://oval.mitre.org/language/version5.11/ovaldefinition/complete/independent-definitions-schema.xsd          http://oval.mitre.org/XMLSchema/oval-definitions-5 http://oval.mitre.org/language/version5.11/ovaldefinition/complete/oval-definitions-schema.xsd          http://oval.mitre.org/XMLSchema/oval-common-5 http://oval.mitre.org/language/version5.11/ovaldefinition/complete/oval-common-schema.xsd">
  <generator>
    <oval:product_name>The OVAL Repository</oval:product_name>
    <oval:schema_version>5.11</oval:schema_version>
    <oval:timestamp>2014-01-03T10:08:17.418-05:00</oval:timestamp>
  </generator>
  <definitions>
    <definition class="inventory" id="oval:org.mitre.oval:def:12541" version="3">
      <metadata>
        <title>Microsoft Windows 7 is installed</title>
        <affected family="windows">
          <platform>Microsoft Windows 7</platform>
        </affected>
        <reference ref_id="cpe:/o:microsoft:windows_7" source="CPE"/>
        <reference ref_id="cpe:2.3:o:microsoft:windows:7:*:*:*:*:*:*:*" source="CPE"/>
        <description>The operating system installed on the system is Microsoft Windows 7.</description>
        <oval_repository>
          <dates>
            <submitted date="2011-06-23T00:00:00Z"/>
            <status_change date="2011-06-29T14:09:45.698-04:00">DRAFT</status_change>
            <status_change date="2011-07-18T04:00:16.416-04:00">INTERIM</status_change>
            <status_change date="2011-08-08T04:00:24.675-04:00">ACCEPTED</status_change>
          </dates>
          <status>ACCEPTED</status>
        </oval_repository>
      </metadata>
      <criteria>
        <criterion comment="the installed operating system is part of the Microsoft Windows family" test_ref="oval:org.mitre.oval:tst:99"/>
        <criterion comment="Windows 7 is installed" test_ref="oval:org.mitre.oval:tst:10792"/>
      </criteria>
    </definition>
  </definitions>
  <tests>
    <family_test xmlns="http://oval.mitre.org/XMLSchema/oval-definitions-5#independent" check="only one" check_existence="at_least_one_exists" comment="the installed operating system is part of the Microsoft Windows family" id="oval:org.mitre.oval:tst:99" version="1">
      <object object_ref="oval:org.mitre.oval:obj:99"/>
      <state state_ref="oval:org.mitre.oval:ste:99"/>
    </family_test>
    <registry_test xmlns="http://oval.mitre.org/XMLSchema/oval-definitions-5#windows" check="at least one" check_existence="at_least_one_exists" comment="Windows 7 is installed" id="oval:org.mitre.oval:tst:10792" version="4">
      <object object_ref="oval:org.mitre.oval:obj:5590"/>
      <state state_ref="oval:org.mitre.oval:ste:5027"/>
    </registry_test>
  </tests>
  <objects>
    <family_object xmlns="http://oval.mitre.org/XMLSchema/oval-definitions-5#independent" comment="This is the default family object. Only one family object should exist." id="oval:org.mitre.oval:obj:99" version="1"/>
    <registry_object xmlns="http://oval.mitre.org/XMLSchema/oval-definitions-5#windows" comment="This registry key identifies the Windows ProductName" id="oval:org.mitre.oval:obj:5590" version="1">
      <hive>HKEY_LOCAL_MACHINE</hive>
      <key>SOFTWARE\Microsoft\Windows NT\CurrentVersion</key>
      <name>ProductName</name>
    </registry_object>
  </objects>
  <states>
    <family_state xmlns="http://oval.mitre.org/XMLSchema/oval-definitions-5#independent" comment="Microsoft Windows family" id="oval:org.mitre.oval:ste:99" version="2">
      <family operation="case insensitive equals">windows</family>
    </family_state>
    <registry_state xmlns="http://oval.mitre.org/XMLSchema/oval-definitions-5#windows" comment="The registry key matches with Windows 7" id="oval:org.mitre.oval:ste:5027" version="4">
      <value operation="pattern match">^[a-zA-Z0-9\(\)\s]*[Ww][Ii][Nn][Dd][Oo][Ww][Ss] 7[a-zA-Z0-9\(\)\s]*$</value>
    </registry_state>
  </states>
</oval_definitions>